REDE CREDENCIADA 2026,,,,,,,
Epecialidade,Viver,Particular,Diferença,Telefone,Local,Endereço,Incluso
Cirurgia Bariátrica,"R$ 250,00","R$ 450,00","R$ 200,00",(47) 3842-3978,Nova Medical Center,Avenida Rolf Wiest 333 SUBSL S19 | Bom Retiro - Estacionamento Garten Shopping- Joinville - SC,Consulta
"Cirurgia Geral Cirurgua Geral
Cardiologia","R$ 180,00
R$ 200,00
R$ 180,00","R$ 450,00
R$ 400,00
R$ 400,00","R$ 270,00
R$ 200,00
R$ 220,00","(47) 3422-1602
(47)3842-3978
(47) 3305-8999","Instituto de Cirurgia de Joinville Nova Medical Center
Clínica Voe Saúde","Endereço: Ed. Terraço Center, R. Mário Lobo, 61 - Sala 804 - Centro, Joinville - SC.   Avenida Rolf Wiest 333 SUBSL S19 | Bom Retiro - Estacionamento Garten Shopping- Joinville - SC
Rua Tuiuti, 2295 - Sala 201, Joinville/SC","Consulta
Consulta IDADE MÍNIMA 18 ANOS"
"Cardiologia Cardiologia Cardiologia
Cardiologia","R$145,00 R$ 250,00
R$ 380,00
R$ 400,00","R$ 165,00
R$ 450,00
R$ 500,00
R$ 450,00","R$ 20,00
R$ 230,00
R$ 120,00
R$ 50,00","(47)3030-3073
(47) 3842-3978
(47) 3422-5555
(47) 3029-2273","Clínica Atend já Nova Medical Center Prontocor Clínica
Clínica Cardiológica Vittacor","R. Alexandre Döhler, 331 - Centro, Joinville - SC, 89201-260
Avenida Rolf Wiest 333 SUBSL S19 | Bom Retiro - Estacionamento Garten Shopping- Joinville - SC Rua Quinze de Novembro nº 867, América, Joinville/SC.
Rua Abdon Batista nº 47, Centro, Joinville/SC",Consulta e eletro
"Clínico Geral
Clínico Geral Clínico Geral","R$ 75,00
R$ 90,00
R$ 150,00","R$ 190,00
R$ 110,00
R$ 300,00","R$ 115,00
R$ 20,00
R$ 150,00","(47) 3305-8999
(47)3030-3073
(47) 3842-3978","Clínica Voe Saúde
Clínica Atend já Nova Medical Center","Rua Tuiuti, 2295 - Sala 201, Joinville/SC
R. Alexandre Döhler, 331 - Centro, Joinville - SC, 89201-260
Avenida Rolf Wiest 333 SUBSL S19 | Bom Retiro - Estacionamento Garten Shopping- Joinville - SC",CONSULTA DR HELLEN SEM MÍNIMO/DR HENRIQUE MÍNIMO 12 ANOS
"Clínico Geral
Dermatologia Dermatologia","R$ 220,00
R$160,00 R$ 250,00","R$ 400,00
R$ 180,00
R$ 450,00","R$ 180,00
R$ 20,00
R$ 200,00","(47) 3422-3666
(47)3030-3073
(47) 3842-3978","Curumim Especialidades Clínica Atend já
Nova Medical Center","Rua Blumenau nº 314, América, Joinville/SC
R. Alexandre Döhler, 331 - Centro, Joinville - SC, 89201-260
Avenida Rolf Wiest 333 SUBSL S19 | Bom Retiro - Estacionamento Garten Shopping- Joinville - SC",
Dermatologia,"R$ 220,00","R$ 400,00","R$ 180,00",(47) 3422-3666,Curumim Especialidades,"Rua Blumenau nº 314, América, Joinville/SC",
"Dermatologia Pediatra Dermatologia Pediatra
Endocrinologia","R$ 400,00
R$ 250,00
R$ 250,00","R$ 500,00
R$ 450,00
R$ 490,00","R$ 100,00
R$ 250,00
R$ 240,00","(47) 3207-2770
(47) 3842-3978
(47) 3305-8999","Clínica Pequenos Anjos Nova Medical Center
Clínica Voe Saúde","Rua Expedicionário Holz, 550 – 9º andar, sala 910 – Bairro Atiradores, Joinville/SC
Avenida Rolf Wiest 333 SUBSL S19 | Bom Retiro - Estacionamento Garten Shopping- Joinville - SC Rua Tuiuti, 2295 - Sala 201, Joinville/SC",
"Endocrinologia Endocrinologia
Endocrinologia","R$ 250,00
R$ 165,00
R$ 250,00","R$ 450,00
R$ 210,00
R$ 450,00","R$ 200,00
R$ 35,00
R$ 200,00","(47) 3032-0100
(47)3030-3073
(47) 3842-3978","Clínica Mulher Clínica Atend já
Nova Medical Center","R. Timbó, 325 - América, Joinville - SC, 89204-050, Brasil
R. Alexandre Döhler, 331 - Centro, Joinville - SC, 89201-260
Avenida Rolf Wiest 333 SUBSL S19 | Bom Retiro - Estacionamento Garten Shopping- Joinville - SC",Meninas a partir de 14 anos e meninos a partir dos 18 anos
Endocrinologia Pediatra,"R$ 400,00","R$ 500,00","R$ 100,00",(47) 3207-2770,Clínica Pequenos Anjos,"Rua Expedicionário Holz, 550 – 9º andar, sala 910 – Bairro Atiradores, Joinville/SC",
"Fisioterapia
Fisioterapia Fisioterapia","R$ 75,00
R$ 111,00
Tabela Especial","R$ 120,00
R$ 148,00
-","R$ 45,00
R$ 37,00
-","(47) 9960-7332
(47) 99749-3705
(47) 3028-0072","Clinica Fisioser Ânima Fisio
Reativa Reabilitação e Fisioterapia","Rua Adriano Schondermank nº 378, Costa e Silva, Joinville/SC
R. Tuiuti, 2295 - Segundo pavimento - Aventureiro, Joinville.
R. Bento Torquato da Rocha, 450 - Vila Nova, Joinville - SC, 89237-100",
"Fisioterapia
Fisioterapia Fisioterapia","Tabela Especial R$ 90,00
Tabela Especial","-
R$ 190,00
-","-
R$ 100,00
-","(47) 3121-9680
(47)30263311
(47)34252359","FisioMaster Clinica SPORTFISIO
CRV Centro Integrado de Fisioterapia","Rua Piratuba 1638, Bairro Bom Retiro, Joinville/SC Rua João Pessoa nº 1725, América, Joinville/SC
Rua Humberto de Campos nº 52, América, Joinville/SC",
Fisioterapia,Tabela Especial,-,-,(47) 3433-7127,Clínica Fazendo Eu Aprendo (RPG),"Rua Orestes Guimarães nº 260, Centro, Joinville/SC",
"Fisioterapia Fisioterapia
Fonoaudiologia","R$ 153,00
R$ 95,00
R$ 80,00","R$ 170,00
R$ 75,00
R$ 140,00","R$ 17,00
R$ 20,00
R$ 60,00","(47)96073083
(47 )9107-9715
(47) 99193-2506","AVIER PILATES E FISIOTERAPIA
Clínica Acqua e Fisio Clínica Integrar","Rua Presidente Prudente de Moraes nº 985, Santo Antônio, Joinville/SC Rua Expedicionário Holz nº 52, América, Joinville/SC
Rua Abdon Batista nº 121, Centro, Joinville/SC",
"Fonoaudiologia Gastroenterologia
Gastroenterologia","R$ 105,00
R$ 180,00
R$ 220,00","-
R$ 400,00
R$ 500,00","-
R$ 220,00
R$ 280,00","(47)3207-2192
(47) 3305-8999
(47) 3433-6620","Espaço Stimuli Multidisciplinar Clínica Voe Saúde
GastroCentro","Rua Tuiuti, 2236 – Sala 302 ,Edifício Mário Muraro (anexo à Cactus Calçados) Rua Tuiuti, 2295 - Sala 201, Joinville/SC
R. Dr. Roberto Koch, 60 - Atiradores, Joinville - SC, 89203-088","Valor de R$ 105,00 consulta avulsa
Consulta/Dr Ricardo Lemos idade mínima 15 anos e Dr guilherme mínimo 17 anos"
"Gastroenterologia Gastroenterologia Gastroenterologia
Gastroenterologia cirurgia","R$ 170,00 R$220,00 R$ 350,00
R$ 180,00","R$ 145,00
R$ 500,00
R$ 500,00
R$ 450,00","R$ 25,00
R$ 280,00
R$ 150,00
R$ 270,00","(47) 9154-7004
(47) 3422-4545
(47) 3207-2770
(47) 3422-1602","Clínica Atend já Pró Gastro
Clínica Pequenos Anjos
Instituto de Cirurgia de Joinville","R. Alexandre Döhler, 331 - Centro, Joinville - SC, 89201-260
R. Alexandre Döhler, 129 - 6° Andar - Centro, Joinville - SC, 89201-260
Rua Expedicionário Holz, 550 – 9º andar, sala 910 – Bairro Atiradores, Joinville/SC Endereço: Ed. Terraço Center, R. Mário Lobo, 61 - Sala 804 - Centro, Joinville - SC.",
"Gastroenterologia cirurgia
Ginecologia Ginecologia","R$ 450,00
R$180,00 R$ 200,00","R$ 250,00
R$ 400,00
R$ 350,00","R$ 200,00
R$ 220,00
R$ 150,00","(47) 3842-3978
(47) 3305-8999
(47) 3842-3978","Nova Medical Center
Clínica Voe Saúde Nova Medical Center","Avenida Rolf Wiest 333 SUBSL S19 | Bom Retiro - Estacionamento Garten Shopping- Joinville - SC Rua Tuiuti, 2295 - Sala 201, Joinville/SC
Avenida Rolf Wiest 333 SUBSL S19 | Bom Retiro - Estacionamento Garten Shopping- Joinville - SC","Valor de R$180 +R$80 com preventivo. Valor de R$300,00 + 65,00 Preventivo"
"Ginecologia Ginecologia Ginecologia
Hematologista","R$145,00 R$ 170,00 R$200,00
R$ 250,00","R$ 170,00
R$ 300,00
R$ 450,00
R$ 450,00","R$ 25,00
R$ 130,00
R$ 250,00
R$ 200,00","(47) 9154-7004
(47) 3422-2611
(47) 3433-8455
(47) 3842-3978","Clínica Atend já Clínica Pró Mulher
Ginemedic Clínica de Ginecologia
Nova Medical Center","R. Alexandre Döhler, 331 - Centro, Joinville - SC, 89201-260
R. Abdon Batista, 47 - 5 andar - Centro, Joinville
Rua Alexandre Dohler nº 129, Centro médico União, 5 andar, 506.Centro, Joinville/SC Avenida Rolf Wiest 333 SUBSL S19 | Bom Retiro - Estacionamento Garten Shopping- Joinville - SC","Valor de R$145,00 (dinheiro, débito, crédito e pix)
Valor de R$ 200,00 (somente dinheiro) OK"
"Infectologista
Medicina da Família Medicina da Família","R$200,00
R$155,00 R$200,00","R$ 450,00
R$ 380,00
R$ 400,00","R$ 250,00
R$ 225,00
R$ 200,00","(47) 3842-3978
(47) 3305-8999
(47) 3842-3978","Nova Medical Center
Clínica Voe Saúde Nova Medical Center","Avenida Rolf Wiest 333 SUBSL S19 | Bom Retiro - Estacionamento Garten Shopping- Joinville - SC Rua Tuiuti, 2295 - Sala 201, Joinville/SC
Avenida Rolf Wiest 333 SUBSL S19 | Bom Retiro - Estacionamento Garten Shopping- Joinville - SC",Consulta sem idade mínima
"Mastologista Nefrologista Nefrologista
Neuro-psicólogoca","R$180,00 R$ 150,00
R$ 200,00
R$ 170,00","R$ 450,00
R$ 400,00
R$ 400,00
R$ 500,00","R$ 270,00
R$ 250,00
R$ 200,00
R$ 330,00","(47) 3422-1602
(47) 3431-3800
(47) 3842-3978
(47) 3026-6740","Instituto de Cirurgia de Joinville Fundação Prórim
Nova Medical Center
Instituto de Psicologia Fronteiras Gestálticas","Endereço: Ed. Terraço Center, R. Mário Lobo, 61 - Sala 804 - Centro, Joinville - SC. Rua Xavier Arp nº 30, Iririú, Joinville/SC
Avenida Rolf Wiest 333 SUBSL S19 | Bom Retiro - Estacionamento Garten Shopping- Joinville - SC
Rua Teresina nº 128, Saguaçu, Joinville/SC","Pele Cancerologia Cirúrgica,Cirurgia do Fígado,Cirurgia do Aparelho Digestivo"
"Neurologia Neurologia
Neurologia","R$ 250,00
R$ 280,00 R$190,00","R$ 400,00
R$ 400,00
R$ 220,00","R$ 200,00
R$ 220,00
R$ 30,00","(47) 3451-2525
(47) 3842-3978
(47) 9154-7004","Clínica Neurológica Nova Medical Center
Clínica Atend já","Endereço: R. Miguel Couto, 133 - Anita Garibaldi, Joinville - SC, 89202-190
Avenida Rolf Wiest 333 (SUBSL S19) | Bom Retiro - Estacionamento Garten Shopping- Joinville - SC
R. Alexandre Döhler, 331 - Centro, Joinville - SC, 89201-260",
"Nutricionista Nutricionista Nutricionista
Nutricionista","R$ 90,00 R$75,00 R$ 80,00
R$230,00","R$ 110,00
R$ 200,00
R$ 140,00
R$ 400,00","R$ 20,00
R$ 125,00
R$ 60,00
R$ 170,00","(47) 9154-7004
(47) 9960-7332
(47) 99193-2506
(47) 3422-3666","Clínica Atend já Clínica Fisioser Clínica Integrar
Curumim Especialidades","R. Alexandre Döhler, 331 - Centro, Joinville - SC, 89201-260 Rua Adriano Schondermank nº 378, Costa e Silva, Joinville/SC
Rua Abdon Batista nº 121, Centro, Joinville/SC
Rua Blumenau nº 314, América, Joinville/SC",Retorno para essa especialide é pago
Nutricionista,"R$ 150,00","R$ 300,00","R$ 150,00",(47) 3842-3978,Nova Medical Center,Avenida Rolf Wiest 333 (SUBSL S19) | Bom Retiro - Estacionamento Garten Shopping- Joinville - SC,
Odontologia,Tabela Especial,-,-,,Clínica Sollares,"Rua Assis Brasil, 47, sala 02 Saguaçu, Joinville/SC",
"Odontologia
Odontologia Odontologia","Tabela Especial
Tabela Especial Tabela Especial","-
-
-","-
-
-",(47) 99717-3634,"Ciclo Odontologia Premier Implant
Dental Med Clínica Integrada","R. Tuiuti, 2295 - Aventureiro, Joinville (atrás da Caixa Econômica Federal) Rua Mário Lobo, 221 - Centro, Joinville
Rua Dr.Plácido Olimpio de Oliveira 1390 - Anita Garibaldi",
"Odontologia Odontologia
Odontologia","Tabela Especial Tabela Especial
Tabela Especial","-
-
-","-
-
-",,"Clínica All Care Consultório Dr. Leonard Melchert
Borek Odontologia","R. Abdon Batista, 47 - 3º Andar sala 303 - Edificio São Marcos - Centro, Joinville - SC Rua Lages nº 473 - Sala 104, Centro, Joinville/SC
Orestes Guimarães 1153 América, Joinville/SC",
Oftalmologia,"R$150,00","R$ 300,00","R$ 150,00",(47) 3026-1122,Núcleo Oftalmológico,"Rua Abdon Batista nº 47, Centro, Joinville/SC",APARTIR DE DE 7 ANOS
"Oftalmologia Oftalmologia
Oftalmologia","R$150,00 R$240,00
R$200,00","R$ 170,00 R$590,00
R$ 500,00","R$ 20,00
R$ 250,00
R$ 300,00","(47) 9154-7004
(47) 3481-5333
47 3027-4040","Clinica Atende já
Hospital de Olhos Sadalla Amin Ghanem Visiocentro","R. Alexandre Döhler, 331 - Centro, Joinville - SC, 89201-260
R. Camboriú, 35 - Glória, Joinville - SC, 89216-222
Rua Henrique Meyer 280 Salas 1208, 1209, 1210 - Centro, Joinville - SC",
"Oftalmologia Oftalmologia
Oftalmologia","R$ 160,00
R$ 165,00
R$ 200,00","R$ 400,00
R$ 290,00
R$ 450,00","R$ 240,00
R$ 125,00
R$ 250,00","(47) 3422-3623
(47) 3033-5400
(47) 3842-3978","Clínica Ophtalmus
Dr . Vis Centro Oftalmológico Nova Medical Center","Endereço. R. Blumenau, 178 - Sobreloja - Sala 8 - Centro, Joinville - SC, Endereço.R. Iririú, 1005 - Saguaçu, Joinville - SC, 89221-515
Avenida Rolf Wiest 333 SUBSL S19 | Bom Retiro - Estacionamento Garten Shopping- Joinville - SC",
Ótica,Até 20% de desconto,-,-,,Ótica Luiza,"R. Abdon Batista, 76 - Centro, Joinville - SC, 89201-010",
"Ótica
Ótica Oncologia","Até 20% de desconto
Até 20% de desconto R$ 200,00","-
-
R$ 400,00","-
-
R$ 200,00",(47 )3441-4017,"Ótica Regional
Ótica Diniz Clínica Corb","R. Albano Schmidt, 4182 - Sala 1 - Comasa, Joinville - SC, 89205-101
R. Tuiuti, 2295 - Aventureiro, Joinville - SC, 89226-000 Rua Orestes Guimarães nº 905, América, Joinville/SC",
"Ortopedia Ortopedia
Ortopedia","R$180,00 R$200,00
R$ 145,00","R$ 400,00
R$ 450,00
R$ 160,00","R$ 120,00
R$ 250,00
R$ 15,00","(47) 3305-8999
(47) 3433-2020
(47) 9154-7004","Clínica Voe Saúde Clínica IOT
Clínica Atend já","Rua Tuiuti, 2295 - Sala 201, Joinville/SC Rua Blumenau nº 1316, América, Joinville/SC
R. Alexandre Döher, 331 - Centro, Joinville - SC, 89201-260",Consulta com Dr Luciano Mínimo de 16 anos
"Ortopedia Otorrinolaringologia Otorrinolaringologia
Otorrinolaringologia","R$ 200,00 R$145,00 R$ 280,00
R$ 200,00","R$ 350,00
R$ 160,00
R$ 400,00
R$ 350,00","R$ 150,00
R$ 25,00
R$ 220,00
R$ 150,00","(47) 3842-3978
(47) 9154-7004
47 9741-2696
( 47) 9924-9537","Nova Medical Center Clínica Atend já Clínica COF
Clínica Dias","Avenida Rolf Wiest 333 SUBSL S19 | Bom Retiro - Estacionamento Garten Shopping- Joinville - SC
R. Alexandre Döhler, 331 - Centro, Joinville - SC, 89201-260
R. Blumenau, 178 - sala 506 (Edifício Medclínicas) - América, Joinville
R. Luiz Brockmann, 141 - América, Joinville - SC, 89204-260",Pagamento apenas no dinheiro em espécie
"Psicopedagoga Infantil Pediatria
Pediatria","R$105,00 R$ 200,00
R$ 200,00","-
R$ 400,00
R$ 250,00","-
R$ 220,00
R$ 50,00","(47) 3207-2192
(47) 3305-8999
(47 )9773-7155","Espaço Stimuli Multidisciplinar Clínica Voe Saúde
Clínica Pediátrica Dra Marilise Alves","Rua Tuiuti, 2236 – Sala 302
Rua Tuiuti, 2295, sala 201 - Aventureiro, Joinville/SC Rua Blumenau nº 178, América, Joinville/SC","Valor de R$ 105,00 consulta avulsa Consulta com Dr Thiago de 0 á 18 anos"
"Pediatria Pediatria Pediatria
Pediatria","R$130,00 R$ 200,00 R$220,00
R$ 350,00","R$ 160,00
R$ 400,00
R$ 400,00
R$ 450,00","R$ 30,00
R$ 200,00
R$ 180,00
R$ 100,00","(47) 9154-7004
(47) 3842-3978
(47) 3433-6466
(47) 3207-2770","Clínica Atend já Nova Medical Center
Curumim Especialidades
Clínica Pequenos Anjos","R. Alexandre Döhler, 331 - Centro, Joinville - SC, 89201-260
Avenida Rolf Wiest 333 SUBSL S19 | Bom Retiro - Estacionamento Garten Shopping- Joinville - SC Rua Blumenau nº 314, América, Joinville/SC
Rua Expedicionário Holz, 550 – 9º andar, sala 910 – Bairro Atiradores, Joinville/SC",Crianças a partir de 04 anos
"Pneumologia
Pneumologia Proctologia","R$250,00 R$ 200,00
R$ 220,00","R$ 400,00
R$ 400,00
R$ 500,00","R$ 120,00
R$ 220,00
R$ 280,00","47 3027-4588
(47) 3305-8999
(47) 3422-4545","Clínica Nogueira
Clínica Voe Saúde Clínica Pró Gastro","Rua Expedicionário Holz nº 550, Atiradores, Joinville/SC Rua Tuiuti, 2295 - Sala 201, Joinville/SC
R. Alexandre Döhler, 129 - 6° Andar - Centro, Joinville - SC, 89201-260",Consulta aidade mínima 16 anos
"Psicologia Psicologia Psicologia
Psicologia","R$ 90,00
R$ 70,00
R$ 125,00
R$ 60,00","R$ 110,00
R$ 150,00
R$ 250,00
R$ 130,00","R$ 20,00
R$ 80,00
R$ 125,00
R$ 70,00","(47) 9154-7004
(47)9117-2104
( 47) 9267-2208
(47) 9676-6177","Clínica Atend já Psicóloga Moziel
Psicóloga Liane de Almeida Cidral
Psicóloga Aline Spadin","R. Alexandre Döhler, 331 - Centro, Joinville - SC, 89201-260
Avenida Juscelino Kubitschek,410 - Sala 1003, Bloco A - Centro, Joinville/SC Endereço: Ed. Terraço Center, R. Mário Lobo, 61 - Sala 804 - Centro, Joinville - SC.
R. Blumenau, 178 - sala 506 (Edifício Medclínicas) - América, Joinville",
"Psicologia Psicologia
Psicologia","R$ 80,00
R$ 70,00
R$ 75,00","R$ 140,00
R$ 190,00
R$ 160,00","R$ 60,00
R$ 120,00
R$ 85,00","(47) 99193-2506
(47) 3026-6740
(47 )9960-7332","Clínica Integrar
Instituto de Psicologia Fronteiras Gestálticas Clínica Fisioser","Rua Abdon Batista nº 121, Centro, Joinville/SC Rua Teresina nº 128, Saguaçu, Joinville/SC
Rua Adriano Schondermank nº 378, Costa e Silva, Joinville/SC",
"Psiquiatria Psiquiatria Psiquiatria Infantil
Psiquiatria","R$ 250,00
R$ 180,00
R$ 260,00
R$ 240,00","R$ 490,00
R$ 200,00
R$ 280,00
R$ 365,00","R$ 240,00
R$ 20,00
R$ 20,00
R$ 125,00","(47) 3305-8999
(47) 9154-7004
(47) 9154-7004
47 9243-4373","Clínica Voe Saúde Clínica Atend já Clínica Atend já
Geist Instituto de Psiquiatria","Rua Tuiuti, 2295 - Sala 201, Joinville/SC
R. Alexandre Döhler, 331 - Centro, Joinville - SC, 89201-260
R. Alexandre Döhler, 331 - Centro, Joinville - SC, 89201-260
R. Dr. Plácido Gomes, 534 - Anita Garibaldi",Consulta idade mínima 14 anos Consulta online
"Psiquiatria Reumatologia
Reumatologia","R$ 250,00
R$ 145,00
R$ 300,00","R$ 350,00
R$ 170,00
R$ 400,00","R$ 100,00
R$ 25,00
R$ 100,00","(47) 9635-6908
(47) 9154-7004
(47) 3202-9200","Clínica Pró Vida Clínica Atend já
Clínica Ceta","R. Sen. Felipe Schmidt, 229 - Centro, Joinville - SC, 89201-440
R. Alexandre Döhler, 331 - Centro, Joinville - SC, 89201-260 Endereço: R. Dr. Plácido Olímpio de Oliveira, 955 - Anita Garibaldi",
"Reumatologia Terapia Ocupacional Terapia Ocupacional
Urologia","R$ 300,00
R$ 100,00
R$ 105,00
R$ 200,00","R$ 400,00
R$ 200,00
-
R$ 300,00","R$ 100,00
R$ 100,00
-
R$ 100,00","(47) 3842-3978
(47 )9635-6908
47 3207-2192
3433-1187","Nova Medical Center Clínica PRO Vida
Espaço Stimuli Multidisciplinar
Instituto Urologia Joinville","Avenida Rolf Wiest 333 SUBSL S19 | Bom Retiro - Estacionamento Garten Shopping- Joinville - SC
R. Sen. Felipe Schmidt, 229 - Centro, Joinville - SC, 89201-440 Rua Tuiuti, 2236 – Sala 302
R. Abdon Batista, 47 - Centro, Joinville",
"Urologia Urologia
Vascular","R$ 350,00
R$ 200,00
R$ 280,00","R$ 400,00
R$ 300,00
R$ 350,00","R$ 50,00
R$ 100,00
R$ 70,00","(47) 3433-3976
(47) 3842-3978
47) 3801-0210","Urocentro - Urologia Integrada de Joinville Nova Medical Center
Clini Varizes","R. Dr. Plácido Gomes, 301 - Anita Garibaldi, Joinville
Avenida Rolf Wiest 333 SUBSL S19 | Bom Retiro - Estacionamento Garten Shopping- Joinville - SC Doctor Center - R. Sete de Setembro, 233 - Centro.",
Vascular,"R$ 200,00","R$ 400,00","R$ 200,00",(47) 3842-3978,Nova Medical Center,Avenida Rolf Wiest 333 SUBSL S19 | Bom Retiro - Estacionamento Garten Shopping- Joinville - SC,